[{"id":914485,
  "hotelName":"asdasda",
  "city":"asdasd",
  "stars":0,
  "price":0,
  "isBooked":false,
  "roomNumber":0
},
  {
      "id":830541,
      "hotelName":"GugaGuga",
      "city":"Beijing",
      "stars":4,
      "price":276,
      "isBooked":false,
      "roomNumber":49
  },
  {
    "id":339792,
    "hotelName":"GugaGuga",
    "city":"Beijing",
    "stars":2,
    "price":264,
    "isBooked":false,
    "roomNumber":50
  },
  { "id":124142,
    "hotelName":"GugaGuga",
    "city":"Reikwiak",
    "stars":3,
    "price":276,
    "isBooked":false,
    "roomNumber":51
  },
  {"id":616445,"hotelName":"GugaGuga","city":"Chernobyl","stars":5,"price":276,"isBooked":false,"roomNumber":52},{"id":960707,"hotelName":"GugaGuga","city":"Aboba town","stars":6,"price":264,"isBooked":false,"roomNumber":53},{"id":255671,"hotelName":"GugaGuga","city":"Berlin","stars":3,"price":264,"isBooked":false,"roomNumber":54},{"id":722394,"hotelName":"AmogusCabra","city":"Kyiv","stars":1,"price":240,"isBooked":false,"roomNumber":41},{"id":553028,"hotelName":"AmogusCabra","city":"Rome","stars":3,"price":276,"isBooked":false,"roomNumber":42},{"id":148924,"hotelName":"AmogusCabra","city":"New York","stars":5,"price":240,"isBooked":false,"roomNumber":43},{"id":363201,"hotelName":"AmogusCabra","city":"Madrid","stars":6,"price":264,"isBooked":false,"roomNumber":44},{"id":618187,"hotelName":"AmogusCabra","city":"Madrid","stars":3,"price":276,"isBooked":false,"roomNumber":45},{"id":216463,"hotelName":"AmogusCabra","city":"Odessa","stars":5,"price":264,"isBooked":false,"roomNumber":46},{"id":145524,"hotelName":"AmogusCabra","city":"Aboba town","stars":2,"price":264,"isBooked":false,"roomNumber":47},{"id":441749,"hotelName":"KavunGuga","city":"Tokyo","stars":4,"price":220,"isBooked":false,"roomNumber":58},{"id":555297,"hotelName":"KavunGuga","city":"Rome","stars":6,"price":242,"isBooked":false,"roomNumber":59},{"id":323048,"hotelName":"KavunGuga","city":"New York","stars":8,"price":253,"isBooked":false,"roomNumber":60},{"id":217763,"hotelName":"KavunGuga","city":"Beijing","stars":2,"price":231,"isBooked":false,"roomNumber":61},{"id":915283,"hotelName":"KavunGuga","city":"Rome","stars":6,"price":220,"isBooked":false,"roomNumber":62},{"id":274437,"hotelName":"KavunGuga","city":"Aboba town","stars":6,"price":242,"isBooked":false,"roomNumber":63},{"id":338955,"hotelName":"KavunGuga","city":"Madrid","stars":5,"price":231,"isBooked":false,"roomNumber":64},{"id":188867,"hotelName":"KavunGuga","city":"Rome","stars":5,"price":253,"isBooked":false,"roomNumber":65},{"id":420366,"hotelName":"PivoAmogus","city":"Tokyo","stars":4,"price":200,"isBooked":false,"roomNumber":41},{"id":505480,"hotelName":"PivoAmogus","city":"Kabanograd","stars":5,"price":230,"isBooked":false,"roomNumber":42},{"id":590326,"hotelName":"PivoAmogus","city":"Aboba town","stars":3,"price":210,"isBooked":false,"roomNumber":43},{"id":186815,"hotelName":"PivoAmogus","city":"New York","stars":7,"price":210,"isBooked":false,"roomNumber":44},{"id":218104,"hotelName":"PivoAmogus","city":"Madrid","stars":2,"price":220,"isBooked":false,"roomNumber":45},{"id":649559,"hotelName":"PivoAmogus","city":"Madrid","stars":1,"price":210,"isBooked":false,"roomNumber":46},{"id":351203,"hotelName":"PivoAmogus","city":"Madrid","stars":1,"price":210,"isBooked":false,"roomNumber":47},{"id":6521,"hotelName":"PivoAmogus","city":"Aboba town","stars":3,"price":200,"isBooked":false,"roomNumber":48},{"id":262428,"hotelName":"KabanKavun","city":"Kabanograd","stars":3,"price":210,"isBooked":false,"roomNumber":49},{"id":499933,"hotelName":"KabanKavun","city":"Beijing","stars":5,"price":230,"isBooked":false,"roomNumber":50},{"id":594642,"hotelName":"KabanKavun","city":"Chernobyl","stars":1,"price":220,"isBooked":false,"roomNumber":51},{"id":720184,"hotelName":"KabanKavun","city":"Berlin","stars":4,"price":210,"isBooked":false,"roomNumber":52},{"id":643844,"hotelName":"KabanKavun","city":"Beijing","stars":6,"price":210,"isBooked":false,"roomNumber":53},{"id":963893,"hotelName":"KabanKavun","city":"New York","stars":1,"price":200,"isBooked":false,"roomNumber":54},{"id":896063,"hotelName":"CoolPivo","city":"Beijing","stars":6,"price":242,"isBooked":false,"roomNumber":40},{"id":487533,"hotelName":"CoolPivo","city":"Tokyo","stars":6,"price":220,"isBooked":false,"roomNumber":41},{"id":844282,"hotelName":"CoolPivo","city":"Berlin","stars":4,"price":242,"isBooked":false,"roomNumber":42},{"id":548042,"hotelName":"CoolPivo","city":"Rome","stars":4,"price":253,"isBooked":false,"roomNumber":43},{"id":976948,"hotelName":"CoolPivo","city":"Berlin","stars":6,"price":220,"isBooked":false,"roomNumber":44},{"id":870048,"hotelName":"CoolPivo","city":"New York","stars":6,"price":220,"isBooked":false,"roomNumber":45},{"id":279980,"hotelName":"CoolPivo","city":"Kabanograd","stars":3,"price":220,"isBooked":false,"roomNumber":46},{"id":150414,"hotelName":"CoolPivo","city":"Odessa","stars":3,"price":242,"isBooked":false,"roomNumber":47},{"id":269431,"hotelName":"ZhizhaAmogus","city":"Kyiv","stars":2,"price":253,"isBooked":false,"roomNumber":54},{"id":970300,"hotelName":"ZhizhaAmogus","city":"Rome","stars":4,"price":220,"isBooked":false,"roomNumber":55},{"id":617641,"hotelName":"ZhizhaAmogus","city":"Chernobyl","stars":5,"price":242,"isBooked":false,"roomNumber":56},{"id":482963,"hotelName":"ZhizhaAmogus","city":"Berlin","stars":3,"price":242,"isBooked":false,"roomNumber":57},{"id":748003,"hotelName":"ZhizhaAmogus","city":"Chernobyl","stars":2,"price":220,"isBooked":false,"roomNumber":58},{"id":866547,"hotelName":"ZhizhaAmogus","city":"Aboba town","stars":5,"price":220,"isBooked":false,"roomNumber":59},{"id":960071,"hotelName":"ZhizhaAmogus","city":"Kyiv","stars":6,"price":242,"isBooked":false,"roomNumber":60},{"id":85577,"hotelName":"ChupaKavun","city":"Kabanograd","stars":3,"price":253,"isBooked":false,"roomNumber":37},{"id":262612,"hotelName":"ChupaKavun","city":"New York","stars":6,"price":220,"isBooked":false,"roomNumber":38},{"id":532367,"hotelName":"ChupaKavun","city":"New York","stars":1,"price":220,"isBooked":false,"roomNumber":39},{"id":773031,"hotelName":"ChupaKavun","city":"Madrid","stars":2,"price":242,"isBooked":false,"roomNumber":40},{"id":290837,"hotelName":"ChupaKavun","city":"Aboba town","stars":7,"price":242,"isBooked":false,"roomNumber":41},{"id":600508,"hotelName":"AmogusCabra","city":"Odessa","stars":1,"price":200,"isBooked":false,"roomNumber":55},{"id":584791,"hotelName":"AmogusCabra","city":"Beijing","stars":7,"price":230,"isBooked":false,"roomNumber":56},{"id":856657,"hotelName":"AmogusCabra","city":"Madrid","stars":1,"price":200,"isBooked":false,"roomNumber":57},{"id":375178,"hotelName":"AmogusCabra","city":"Kyiv","stars":3,"price":220,"isBooked":false,"roomNumber":58},{"id":756691,"hotelName":"AmogusCabra","city":"Beijing","stars":6,"price":210,"isBooked":false,"roomNumber":59},{"id":969818,"hotelName":"AmogusZhizha","city":"Rome","stars":1,"price":200,"isBooked":false,"roomNumber":42},{"id":223545,"hotelName":"AmogusZhizha","city":"Odessa","stars":4,"price":230,"isBooked":false,"roomNumber":43},{"id":557254,"hotelName":"AmogusZhizha","city":"Kabanograd","stars":6,"price":200,"isBooked":false,"roomNumber":44},{"id":186219,"hotelName":"AmogusZhizha","city":"Aboba town","stars":6,"price":220,"isBooked":false,"roomNumber":45},{"id":637339,"hotelName":"AmogusZhizha","city":"New York","stars":3,"price":210,"isBooked":false,"roomNumber":46},{"id":558563,"hotelName":"AmogusZhizha","city":"Berlin","stars":1,"price":220,"isBooked":false,"roomNumber":47},{"id":108652,"hotelName":"AmogusZhizha","city":"New York","stars":5,"price":230,"isBooked":false,"roomNumber":48},{"id":56737,"hotelName":"AmogusZhizha","city":"Rome","stars":5,"price":200,"isBooked":false,"roomNumber":49},{"id":967768,"hotelName":"AbobaKavun","city":"New York","stars":1,"price":253,"isBooked":false,"roomNumber":58},{"id":938786,"hotelName":"AbobaKavun","city":"Rome","stars":7,"price":253,"isBooked":false,"roomNumber":59},{"id":30329,"hotelName":"AbobaKavun","city":"New York","stars":4,"price":253,"isBooked":false,"roomNumber":60},{"id":88431,"hotelName":"AbobaKavun","city":"Odessa","stars":1,"price":220,"isBooked":false,"roomNumber":61},{"id":433081,"hotelName":"AbobaKavun","city":"Odessa","stars":4,"price":231,"isBooked":false,"roomNumber":62},{"id":362364,"hotelName":"AbobaKavun","city":"Aboba town","stars":2,"price":242,"isBooked":false,"roomNumber":63},{"id":249413,"hotelName":"AbobaKavun","city":"Chernobyl","stars":6,"price":231,"isBooked":false,"roomNumber":64},{"id":603231,"hotelName":"AbobaKavun","city":"Kyiv","stars":1,"price":253,"isBooked":false,"roomNumber":65},{"id":105874,"hotelName":"AbobaKavun","city":"Kyiv","stars":1,"price":220,"isBooked":false,"roomNumber":66},{"id":598185,"hotelName":"CoolAboba","city":"Kyiv","stars":5,"price":220,"isBooked":false,"roomNumber":49},{"id":830360,"hotelName":"CoolAboba","city":"Chernobyl","stars":1,"price":231,"isBooked":false,"roomNumber":50},{"id":215898,"hotelName":"CoolAboba","city":"Kyiv","stars":4,"price":242,"isBooked":false,"roomNumber":51},{"id":325461,"hotelName":"CoolAboba","city":"Kabanograd","stars":1,"price":220,"isBooked":false,"roomNumber":52},{"id":31418,"hotelName":"CoolAboba","city":"Berlin","stars":6,"price":242,"isBooked":false,"roomNumber":53},{"id":352743,"hotelName":"CoolAboba","city":"Odessa","stars":2,"price":242,"isBooked":false,"roomNumber":54},{"id":976287,"hotelName":"CoolAboba","city":"Aboba town","stars":7,"price":220,"isBooked":false,"roomNumber":55},{"id":471767,"hotelName":"CoolAboba","city":"New York","stars":3,"price":253,"isBooked":false,"roomNumber":56},{"id":759063,"hotelName":"AbobaZebra","city":"Berlin","stars":6,"price":240,"isBooked":false,"roomNumber":45},{"id":616682,"hotelName":"AbobaZebra","city":"Rome","stars":6,"price":276,"isBooked":false,"roomNumber":46},{"id":63311,"hotelName":"AbobaZebra","city":"Aboba town","stars":5,"price":276,"isBooked":false,"roomNumber":47},{"id":144445,"hotelName":"AbobaZebra","city":"Kyiv","stars":5,"price":252,"isBooked":false,"roomNumber":48},{"id":395745,"hotelName":"AbobaZebra","city":"Aboba town","stars":4,"price":240,"isBooked":false,"roomNumber":49},{"id":946779,"hotelName":"AbobaZebra","city":"Odessa","stars":6,"price":276,"isBooked":false,"roomNumber":50},{"id":910116,"hotelName":"AbobaZebra","city":"New York","stars":3,"price":252,"isBooked":false,"roomNumber":51},{"id":438915,"hotelName":"AbobaZebra","city":"Kabanograd","stars":4,"price":252,"isBooked":false,"roomNumber":52},{"id":780790,"hotelName":"AbobaGuga","city":"Berlin","stars":6,"price":276,"isBooked":false,"roomNumber":39},{"id":92492,"hotelName":"AbobaGuga","city":"Kyiv","stars":4,"price":276,"isBooked":false,"roomNumber":40},{"id":784322,"hotelName":"AbobaGuga","city":"New York","stars":6,"price":264,"isBooked":false,"roomNumber":41},{"id":397736,"hotelName":"AbobaGuga","city":"Madrid","stars":5,"price":252,"isBooked":false,"roomNumber":42},{"id":172498,"hotelName":"AbobaGuga","city":"Madrid","stars":5,"price":252,"isBooked":false,"roomNumber":43},{"id":566885,"hotelName":"AbobaGuga","city":"Odessa","stars":7,"price":252,"isBooked":false,"roomNumber":44},{"id":982054,"hotelName":"AbobaGuga","city":"Kyiv","stars":4,"price":264,"isBooked":false,"roomNumber":45},{"id":26746,"hotelName":"AbobaGuga","city":"New York","stars":5,"price":252,"isBooked":false,"roomNumber":46},{"id":317714,"hotelName":"ZebraKaban","city":"Chernobyl","stars":6,"price":253,"isBooked":false,"roomNumber":40},{"id":875706,"hotelName":"ZebraKaban","city":"Odessa","stars":2,"price":253,"isBooked":false,"roomNumber":41},{"id":410811,"hotelName":"ZebraKaban","city":"Rome","stars":4,"price":220,"isBooked":false,"roomNumber":42},{"id":945017,"hotelName":"ZebraKaban","city":"Beijing","stars":4,"price":231,"isBooked":false,"roomNumber":43},{"id":263060,"hotelName":"ZebraKaban","city":"New York","stars":4,"price":253,"isBooked":false,"roomNumber":44},{"id":682693,"hotelName":"ZebraKaban","city":"Odessa","stars":3,"price":231,"isBooked":false,"roomNumber":45},{"id":561931,"hotelName":"ZebraKaban","city":"Kabanograd","stars":4,"price":220,"isBooked":false,"roomNumber":46},{"id":358571,"hotelName":"ZebraKaban","city":"Kyiv","stars":4,"price":242,"isBooked":false,"roomNumber":47},{"id":748091,"hotelName":"CabraChupa","city":"Tokyo","stars":2,"price":220,"isBooked":false,"roomNumber":58},{"id":693765,"hotelName":"CabraChupa","city":"Tokyo","stars":6,"price":220,"isBooked":false,"roomNumber":59},{"id":565010,"hotelName":"CabraChupa","city":"New York","stars":6,"price":230,"isBooked":false,"roomNumber":60},{"id":424636,"hotelName":"CabraChupa","city":"Aboba town","stars":1,"price":230,"isBooked":false,"roomNumber":61},{"id":337487,"hotelName":"CabraChupa","city":"Chernobyl","stars":5,"price":230,"isBooked":false,"roomNumber":62},{"id":762098,"hotelName":"GugaGuga","city":"Kyiv","stars":5,"price":220,"isBooked":false,"roomNumber":54},{"id":419375,"hotelName":"GugaGuga","city":"Berlin","stars":5,"price":242,"isBooked":false,"roomNumber":55},{"id":391951,"hotelName":"GugaGuga","city":"Tokyo","stars":2,"price":220,"isBooked":false,"roomNumber":56},{"id":437121,"hotelName":"GugaGuga","city":"Kabanograd","stars":2,"price":231,"isBooked":false,"roomNumber":57},{"id":210715,"hotelName":"GugaGuga","city":"Berlin","stars":1,"price":220,"isBooked":false,"roomNumber":58},{"id":224116,"hotelName":"GugaGuga","city":"Beijing","stars":5,"price":242,"isBooked":false,"roomNumber":59},{"id":177893,"hotelName":"GugaGuga","city":"Odessa","stars":3,"price":253,"isBooked":false,"roomNumber":60},{"id":91212,"hotelName":"GugaGuga","city":"Odessa","stars":3,"price":220,"isBooked":false,"roomNumber":61},{"id":178078,"hotelName":"KavunCool","city":"Rome","stars":5,"price":220,"isBooked":false,"roomNumber":52},{"id":42140,"hotelName":"KavunCool","city":"New York","stars":4,"price":210,"isBooked":false,"roomNumber":53},{"id":318632,"hotelName":"KavunCool","city":"Odessa","stars":2,"price":220,"isBooked":false,"roomNumber":54},{"id":664566,"hotelName":"KavunCool","city":"New York","stars":4,"price":230,"isBooked":false,"roomNumber":55},{"id":976899,"hotelName":"KavunCool","city":"Beijing","stars":4,"price":210,"isBooked":false,"roomNumber":56},{"id":523868,"hotelName":"KavunCool","city":"Chernobyl","stars":2,"price":230,"isBooked":false,"roomNumber":57},{"id":761813,"hotelName":"KavunCool","city":"Kyiv","stars":1,"price":210,"isBooked":false,"roomNumber":58},{"id":851189,"hotelName":"KrabKavun","city":"Berlin","stars":6,"price":220,"isBooked":false,"roomNumber":41},{"id":797430,"hotelName":"KrabKavun","city":"Beijing","stars":7,"price":220,"isBooked":false,"roomNumber":42},{"id":617298,"hotelName":"KrabKavun","city":"New York","stars":6,"price":253,"isBooked":false,"roomNumber":43},{"id":579269,"hotelName":"KrabKavun","city":"Madrid","stars":2,"price":242,"isBooked":false,"roomNumber":44},{"id":799471,"hotelName":"KrabKavun","city":"Kabanograd","stars":7,"price":242,"isBooked":false,"roomNumber":45},{"id":423712,"hotelName":"KrabKavun","city":"Rome","stars":2,"price":220,"isBooked":false,"roomNumber":46},{"id":312666,"hotelName":"KrabKavun","city":"Kyiv","stars":4,"price":242,"isBooked":false,"roomNumber":47},{"id":568278,"hotelName":"KrabKavun","city":"Chernobyl","stars":6,"price":242,"isBooked":false,"roomNumber":48},{"id":120986,"hotelName":"ZhizhaKrab","city":"New York","stars":5,"price":210,"isBooked":false,"roomNumber":54},{"id":921249,"hotelName":"ZhizhaKrab","city":"Aboba town","stars":1,"price":230,"isBooked":false,"roomNumber":55},{"id":565760,"hotelName":"ZhizhaKrab","city":"Aboba town","stars":2,"price":220,"isBooked":false,"roomNumber":56},{"id":916218,"hotelName":"ZhizhaKrab","city":"Odessa","stars":5,"price":210,"isBooked":false,"roomNumber":57},{"id":32899,"hotelName":"ZhizhaKrab","city":"Rome","stars":5,"price":200,"isBooked":false,"roomNumber":58},{"id":587116,"hotelName":"ZhizhaKrab","city":"New York","stars":5,"price":210,"isBooked":false,"roomNumber":59},{"id":576527,"hotelName":"ZhizhaKrab","city":"Rome","stars":1,"price":230,"isBooked":false,"roomNumber":60},{"id":400220,"hotelName":"ZhizhaKrab","city":"New York","stars":6,"price":210,"isBooked":false,"roomNumber":61},{"id":756458,"hotelName":"ZhizhaKrab","city":"Madrid","stars":4,"price":220,"isBooked":false,"roomNumber":62},{"id":221054,"hotelName":"KrabZebra","city":"Beijing","stars":3,"price":210,"isBooked":false,"roomNumber":38},{"id":702472,"hotelName":"KrabZebra","city":"Kyiv","stars":8,"price":200,"isBooked":false,"roomNumber":39},{"id":102762,"hotelName":"KrabZebra","city":"Chernobyl","stars":4,"price":200,"isBooked":false,"roomNumber":40},{"id":913225,"hotelName":"KrabZebra","city":"Aboba town","stars":6,"price":200,"isBooked":false,"roomNumber":41},{"id":862460,"hotelName":"KrabZebra","city":"Rome","stars":6,"price":200,"isBooked":false,"roomNumber":42},{"id":99246,"hotelName":"ZhizhaCool","city":"Tokyo","stars":2,"price":240,"isBooked":false,"roomNumber":45},{"id":792899,"hotelName":"ZhizhaCool","city":"Aboba town","stars":4,"price":264,"isBooked":false,"roomNumber":46},{"id":230517,"hotelName":"ZhizhaCool","city":"Chernobyl","stars":5,"price":252,"isBooked":false,"roomNumber":47},{"id":743272,"hotelName":"ZhizhaCool","city":"Rome","stars":2,"price":264,"isBooked":false,"roomNumber":48},{"id":636542,"hotelName":"ZhizhaCool","city":"Madrid","stars":1,"price":252,"isBooked":false,"roomNumber":49},{"id":164799,"hotelName":"ZhizhaCool","city":"Tokyo","stars":6,"price":264,"isBooked":false,"roomNumber":50},{"id":335966,"hotelName":"AbobaCabra","city":"Kabanograd","stars":1,"price":200,"isBooked":false,"roomNumber":35},{"id":288959,"hotelName":"AbobaCabra","city":"New York","stars":2,"price":230,"isBooked":false,"roomNumber":36},{"id":890749,"hotelName":"AbobaCabra","city":"Chernobyl","stars":7,"price":220,"isBooked":false,"roomNumber":37},{"id":351701,"hotelName":"AbobaCabra","city":"Kyiv","stars":1,"price":230,"isBooked":false,"roomNumber":38},{"id":219761,"hotelName":"AbobaCabra","city":"Tokyo","stars":7,"price":220,"isBooked":false,"roomNumber":39},{"id":281011,"hotelName":"PivoAboba","city":"Kyiv","stars":4,"price":264,"isBooked":false,"roomNumber":55},{"id":523241,"hotelName":"PivoAboba","city":"Rome","stars":4,"price":264,"isBooked":false,"roomNumber":56},{"id":963501,"hotelName":"PivoAboba","city":"Kyiv","stars":5,"price":252,"isBooked":false,"roomNumber":57},{"id":977308,"hotelName":"PivoAboba","city":"Beijing","stars":7,"price":276,"isBooked":false,"roomNumber":58},{"id":674688,"hotelName":"PivoAboba","city":"Odessa","stars":2,"price":252,"isBooked":false,"roomNumber":59},{"id":731217,"hotelName":"PivoAboba","city":"Kabanograd","stars":7,"price":264,"isBooked":false,"roomNumber":60},{"id":734339,"hotelName":"AmogusKaban","city":"Madrid","stars":1,"price":231,"isBooked":false,"roomNumber":58},{"id":119281,"hotelName":"AmogusKaban","city":"Beijing","stars":4,"price":253,"isBooked":false,"roomNumber":59},{"id":576685,"hotelName":"AmogusKaban","city":"Beijing","stars":6,"price":253,"isBooked":false,"roomNumber":60},{"id":457729,"hotelName":"AmogusKaban","city":"New York","stars":1,"price":220,"isBooked":false,"roomNumber":61},{"id":263412,"hotelName":"AmogusKaban","city":"New York","stars":1,"price":242,"isBooked":false,"roomNumber":62},{"id":429412,"hotelName":"AmogusKaban","city":"Tokyo","stars":3,"price":242,"isBooked":false,"roomNumber":63},{"id":157410,"hotelName":"AmogusKaban","city":"Tokyo","stars":1,"price":220,"isBooked":false,"roomNumber":35},{"id":349845,"hotelName":"AmogusKaban","city":"Chernobyl","stars":4,"price":200,"isBooked":false,"roomNumber":36},{"id":48809,"hotelName":"AmogusKaban","city":"Chernobyl","stars":4,"price":210,"isBooked":false,"roomNumber":37},{"id":367983,"hotelName":"AmogusKaban","city":"Tokyo","stars":6,"price":220,"isBooked":false,"roomNumber":38},{"id":94304,"hotelName":"AmogusKaban","city":"Kabanograd","stars":4,"price":210,"isBooked":false,"roomNumber":39},{"id":64814,"hotelName":"CoolAmogus","city":"Beijing","stars":5,"price":210,"isBooked":false,"roomNumber":58},{"id":45533,"hotelName":"CoolAmogus","city":"Odessa","stars":2,"price":230,"isBooked":false,"roomNumber":59},{"id":344469,"hotelName":"CoolAmogus","city":"Kyiv","stars":3,"price":210,"isBooked":false,"roomNumber":60},{"id":174432,"hotelName":"CoolAmogus","city":"Madrid","stars":2,"price":210,"isBooked":false,"roomNumber":61},{"id":742851,"hotelName":"CoolAmogus","city":"Rome","stars":6,"price":220,"isBooked":false,"roomNumber":62},{"id":337932,"hotelName":"CoolAmogus","city":"Chernobyl","stars":3,"price":200,"isBooked":false,"roomNumber":63},{"id":166466,"hotelName":"CoolAmogus","city":"Chernobyl","stars":5,"price":210,"isBooked":false,"roomNumber":64},{"id":818252,"hotelName":"CabraKamaz","city":"Berlin","stars":3,"price":220,"isBooked":false,"roomNumber":44},{"id":881871,"hotelName":"CabraKamaz","city":"Kabanograd","stars":2,"price":220,"isBooked":false,"roomNumber":45},{"id":35322,"hotelName":"CabraKamaz","city":"Tokyo","stars":7,"price":200,"isBooked":false,"roomNumber":46},{"id":789009,"hotelName":"CabraKamaz","city":"Chernobyl","stars":5,"price":230,"isBooked":false,"roomNumber":47},{"id":841876,"hotelName":"CabraKamaz","city":"Tokyo","stars":4,"price":200,"isBooked":false,"roomNumber":48},{"id":211176,"hotelName":"CabraKamaz","city":"Odessa","stars":7,"price":210,"isBooked":false,"roomNumber":49},{"id":736732,"hotelName":"KrabKavun","city":"Rome","stars":3,"price":231,"isBooked":false,"roomNumber":49},{"id":325864,"hotelName":"KrabKavun","city":"Aboba town","stars":1,"price":253,"isBooked":false,"roomNumber":50},{"id":499951,"hotelName":"KrabKavun","city":"Beijing","stars":6,"price":231,"isBooked":false,"roomNumber":51},{"id":123632,"hotelName":"KrabKavun","city":"Berlin","stars":1,"price":231,"isBooked":false,"roomNumber":52},{"id":946471,"hotelName":"KrabKavun","city":"Tokyo","stars":6,"price":231,"isBooked":false,"roomNumber":53},{"id":410878,"hotelName":"ZebraZhizha","city":"New York","stars":1,"price":231,"isBooked":false,"roomNumber":46},{"id":203311,"hotelName":"ZebraZhizha","city":"Tokyo","stars":2,"price":242,"isBooked":false,"roomNumber":47},{"id":934500,"hotelName":"ZebraZhizha","city":"Chernobyl","stars":3,"price":220,"isBooked":false,"roomNumber":48},{"id":932084,"hotelName":"ZebraZhizha","city":"Kyiv","stars":2,"price":242,"isBooked":false,"roomNumber":49},{"id":11965,"hotelName":"ZebraZhizha","city":"Kyiv","stars":5,"price":253,"isBooked":false,"roomNumber":50},{"id":325694,"hotelName":"ZebraZhizha","city":"Aboba town","stars":2,"price":231,"isBooked":false,"roomNumber":51}]